aawy->away
abolute->absolute
abondond->abandoned
abreviates->abbreviates
absract->abstract
abstact->abstract
abstrct->abstract
abtraction->abstraction
accademia->academia
acceped->accepted
acceptd->accepted
accepte->accepted
acces->access
accesible->accessible
accordinly->accordingly
accoridng->according
accumlate->accumulate
accumlated->accumulated
accumpany->accompany
accurary->accuracy
achives->achieves, archives
aciton->action
acknoledgment->acknowledgment
acknowleged->acknowledged
actaully->actually
activ->active
actuall->actually
acually->actually
acutal->actual
acutally->actually
adated->adapted
addiional->additional
addresss->address, addresses
adjuncion->adjunction
adpater->adapter
adresd->address, addressed
adresses->addresses
afer->safer, after
afix->affix
afte->after
againt->against
aggreate->aggregate
aggreations->aggregations
agregated->aggregated
agres->agrees
agument->argument
ajust->adjust
aleady->already
aleges->alleges
alernative->alternative
alernatively->alternatively
algn->align
algoritghms->algorithms
algortihm->algorithm
alhpa->alpha
alig->align
aligend->aligned
aliging->aligning
alignemnt->alignment
allcoate->allocate
allcoated->allocated
allegic->allergic
allocaiton->allocation
allocatinos->allocations
allocted->allocated
alocated->allocated
alreay->already
alterantive->alternative
alterate->alternate
ambguity->ambiguity
ambigous->ambiguous
ambigutiy->ambiguity
amde->made
amsterdma->amsterdam
anages->manages
analsis->analysis
anaysis->analysis
anders->andres
anel->panel
anguages->languages
anlayzer->analyzer
anlayzers->analyzers
annoation->annotation
annointd->anointed
annotaitons->annotations
annot->cannot
antyhing->anything
anyawy->anyway
anyhere->anywhere
aone->alone
aovid->avoid
apar->apart
apears->appears
appl->apply, apple
appliation->application
applicatve->applicative
appliction->application
appoach->approach
appplication->application
appreas->appears
approoximately->approximately
approprate->appropriate
approriate->appropriate
approxiamte->approximate
appying->applying
aproach->approach
aproximation->approximation
aquires->acquires
arameters->parameters
arange->arrange
arary->array
ararys->arrays
arbirary->arbitrary
arbitray->arbitrary
archetectd->architected
architectuers->architectures
architecures->architectures
arcine->arline, arcane, arcsine, arcing, racine
arcitectures->architectures
argments->arguments
arguemnts->arguments
argumens->arguments
ariance->variance
arithemtic->arithmetic
arive->arrive
arkup->markup
arleady->already
arond->around
arro->arrow
arugment->argument
arugments->arguments
arvest->harvest
asbolute->absolute
asertion->assertion
asignment->assignment
asme->same
assember->assembler
asserions->assertions
assertin->asserting, assertion
assertio->assertion
assigment->assignment
assigments->assignments
assignemnt->assignment
assignent->assignment
assinged->assigned
assinging->assigning
assingments->assignments
assming->assuming
assocated->associated
associatd->associated
assuing->assuming
assum->assume
asychronous->asynchronous
asymetrical->asymmetrical
atached->attached
atest->latest
athough->although
atisfy->satisfy
attemping->attempting
attemtd->attempted
attemtps->attempts
auditd->audited
authorititive->authoritative
autmatically->automatically
automatcially->automatically
avaiable->available
avaialble->available
averge->average
aviods->avoids
awat->await, away
awkard->awkward
backgound->background
baiss->basis
bakd->baked
bakground->background
balanc->balance
bankin->banking
basr->bars
bceomes->becomes
beause->because
becase->because
becaus->because
becuase->because
befor->before
befroe->before
behaior->behavior
behavor->behavior
behvaior->behavior
bejamin->benjamin
benchamrk->benchmark
benefical->beneficial
beore->before
beseiges->besieges
betweeen->between
bicycl->bicycle
bidr->bird
bidrectional->bidirectional
biggr->bigger
bild->build
binares->binaries
bindig->binding
bindign->binding
bining->binding
bitmp->bitmap
bjective->bijective, objective
bject->object
bjects->objects
blha->blah
boostrap->bootstrap
bootstap->bootstrap
bost->boost
botom->bottom
boudary->boundary
boudn->bound
boudns->bounds
bounary->boundary
boundries->boundaries
bove->above
branchs->branches
broacast->broadcast
brwn->brown
bstractions->abstractions
bufer->buffer
bufferd->buffered
buider->builder
builing->building
buit->built
bulding->building
byond->beyond
byts->bytes
cach->cache, catch
cacthing->catching
caeful->careful
cahced->cached
calcualte->calculate
calcuate->calculate
calcuation->calculation
calculting->calculating
callabe->callable
callble->callable
calld->called
calles->callers
caluclates->calculates
caluculates->calculates
calulates->calculates
candiates->candidates
candidats->candidates
captian->captain
carefuly->carefully
carryin->carrying
catc->catch
catche->catches, catcher
catergorizes->categorizes
catestrophic->catastrophic
ccess->access
cconstructs->constructs
ccount->account
ccur->occur
cenrality->centrality
cercion->coercion
certaily->certainly
chagnes->changes
challanges->challenges
chanels->channels
charactes->characters
charater->character
charaters->characters
chck->check
checkig->checking
checkoint->checkpoint
cheks->checks
cheme->scheme
chet->cheat
chevroelt->chevrolet
chickn->chicken
chilren->children
chld->child
chosing->choosing
chun->churn, chunk
cience->science
clared->cleared
clase->clause
clases->classes, clashes, clauses
classc->classic
classe->class, classes
classifers->classifiers
classs->classes
claues->clause
clober->clobber
clor->color
closs->closes
cluser->cluster
cluste->cluster
clustr->cluster
cmpare->compare
cnoe->cone
coalecing->coalescing
coalese->coalesce
coefficeint->coefficient
coefficents->coefficients
coeffient->coefficient
coeficient->coefficient
cofficient->coefficient
collec->collect
colmun->column
colmuns->columns
colums->columns
combind->combined
comibnation->combination
comilation->compilation
comisiond->commissioned
comissiond->commissioned
comletely->completely
comlex->complex
comm->comma
commisiond->commissioned
commmand->command
comms->commas
comon->common
compain->complain
comparible->compatible, comparable
comparion->comparison
compatbile->compatible
compatibiity->compatibility
compatibilty->compatibility
compatibity->compatibility
compatibliity->compatibility
compication->complication
compier->compiler
compilatin->compilation
completly->completely
complexifies->complexities
compliation->compilation
compre->compare
comprehesion->comprehension
compuation->computation
comput->compute
compution->computation
computs->computes
comute->commute, compute, comte
conceptully->conceptually
conciderd->considered
concievably->conceivably
concurent->concurrent
condidtiond->conditioned
conenient->convenient
conert->convert
confict->conflict
conficting->conflicting
confimed->confirmed
conists->consists
connec->connect
consant->constant
conseqently->consequently
consequencs->consequences
considere->consider, considered
consitent->consistent
consolodates->consolidates
constaint->constraint
constrait->constraint
constrctor->constructor
consturctor->constructor
consumates->consummates
containr->container
contants->constants
cont->count
contenst->contents
contet->content, context
contiand->contains, contained
contibutors->contributors
contigous->contiguous
contiguos->contiguous
contination->continuation
contining->containing
contnuous->continuous
contraint->constraint
controlld->controlled
contruct->construct
contructor->constructor
contructors->constructors  
conts->counts
conveinence->convenience
conventioal->conventional
convered->converted
converions->conversions
convers->converse, converts
convertr->converter
cooki->cookie
cookin->cooking
coordiantes->coordinates
copacted->compacted
copule->couple
copyin->copying
cordinates->coordinates
corect->correct
corectly->correctly
corefficients->coefficients
coresponding->corresponding
correpond->correspond
correpondence->correspondence
correpsonding->corresponding
correpsonds->corresponds
corresponing->corresponding
corret->correct
corretly->correctly
corrrectly->correctly
cosl->cols
cosnidering->considering
cosntructor->constructor
costraint->constraint
costructor->constructor
costy->costly
coull->could, cull
coures->course
creat->create
creats->creates
critera->criteria
curent->current
curerntly->currently
curren->current
currenty->currently
currid->curried
currrent->current
cutof->cutoff
dagnostic->diagnostic
datast->dataset
datbase->database
datset->dataset
dded->added
ddress->address
deafult->default
deamon->daemon
deatch->detach
decarations->declarations
decending->descending
deciaml->decimal
decimla->decimal
declartions->declarations
decompositon->decomposition
decompostion->decomposition
decopose->decompose
decriptions->descriptions
defaul->default
defaut->default
defautl->default
defered->deferred
deffines->defines
defiend->defined
defin->define
definiely->definitely
defintiions->definitions
defintions->definitions
defualt->default
degres->degrees
deifnition->definition
deine->define
delarations->declarations
delcaration->declaration
delet->delete
delivere->deliver, delivered
dentity->identity
dependecy->dependency
dependenceis->dependencies
dependenices->dependencies
deprected->deprecated
dept->depth
deriv->derive
derviative->derivative
desciptor->descriptor
descrete->discrete
descrption->description
desguaring->desugaring
desiable->desirable
desitnation->destination
desrciptors->descriptors
desribes->describes
desriptor->descriptor
dessrt->dessert
destnation->destination
destucted->destructed
detecion->detection
detemine->determine
determinisitcally->deterministically
determins->determines
determinstic->deterministic
detial->detail
detla->delta
devation->devotion, deviation
developemnt->development
devides->divides
diagnising->diagnosing
dianostic->diagnostic
dicionaries->dictionaries
dicoverd->discovers, discovered
dictionry->dictionary
dictonary->dictionary
dicussion->discussion
diectly->directly
diemnsional->dimensional
differentiaton->differentiation
differentibale->differentiable
differet->different
differnet->different
dimenion->dimension
dimensinos->dimensions
dimensonal->dimensional
dimentional->dimensional
dimesions->dimensions
dimnesion->dimension
dimnsion->dimension
direclty->directly
direcly->directly
diretory->directory
disard->discard
disarded->discarded, disarmed
disbale->disable
disbled->disabled
discared->discarded
discouarged->discouraged
dislayed->displayed
disocvery->discovery
dispathing->dispatching
dispences->dispenses
dissapeard->disappears, disappeared
dissappeard->disappears, disappeared
distibution->distribution
distribtion->distribution
distribued->distributed
dito->ditto
divegent->divergent
dnotes->denotes
doctorial->doctoral
documetation->documentation
documnetation->documentation
dosen->doesn
dosn->doesn
doubl->double, doubly, doubt
dowloaded->downloaded
dowstream->downstream
dpth->depth
droped->dropped
dscriptor->descriptor
duing->during
duplicte->duplicate
earler->earlier
earthden->earthen
ebug->debug
econd->second
econds->seconds
ecreate->recreate
edar->dear
editr->editor
edns->ends
efault->default
eference->reference
effciency->efficiency
efficienty->efficiently
efort->effort
eigenvecotrs->eigenvectors
elad->lead
elease->release
elemnts->elements
elict->elicit
elimianted->eliminated
elliptice->elliptic
ellispis->ellipsis
ellliptic->elliptic
ellpsis->ellipsis
elminated->eliminated
elminate->eliminate
elsehwere->elsewhere
elte->elite, elate, elbe, else
embd->embed
embeding->embedding
eminates->emanates
emiprical->empirical
empted->emptied, tempted
empt->empty
emtpy->empty
enabel->enable
ename->rename
ence->hence
encod->encode
encoutered->encountered
encouters->encounters
eneric->generic
engieneerd->engineers, engineered
enode->encode
enounter->encounter
enouraged->encouraged
enries->entries
ensembe->ensemble
ensurse->ensures
entier->entire
entites->entities
epartment->department
ependent->dependent
epilson->epsilon
epislon->epsilon
epoc->epoch
eprecated->deprecated
epsion->epsilon, epson
eqaution->equation
eqivalent->equivalent
equa->equal
equalites->equalities
equalty->equality
eriod->period
eroneous->erroneous
erros->errors
errr->error
esacpe->escape
esize->resize
essage->message
estimtor->estimator
estination->destination
etablishes->establishes
etadata->metadata
etxt->text
euclidian->euclidean
euqal->equal
evalated->evaluated
evalutations->evaluations
evaluted->evaluated
evalute->evaluate
evalutes->evaluates
evalution->evolution, evaluation
everyhwere->everywhere
everythig->everything
everythng->everything
eveything->everything
eview->review
evision->envision, revision
evnt->event
exahustive->exhaustive
exanded->expanded
exapmle->example
exausted->exhausted
exaustive->exhaustive
excepiton->exception
excetion->exception
exceution->execution
exchage->exchange
excl->excel
exclue->exclude
excpetion->exception
excpt->except
excution->execution
execption->exception
exected->expected, executed
exections->executions
exectuable->executable
executale->executable
exension->extension
exensions->extensions
exerbates->exacerbates
exhauted->exhausted
exising->existing
exitsing->existing
expande->expander, expanded
expantions->expansions
expasion->expansion
expecations->expectations
expecs->expects
expecte->expected
expens->expense
experiances->experiences
explciitly->explicitly
explcit->explicit
explcitly->explicitly
explicilty->explicitly
explicily->explicitly
explicity->explicit, explicitly
explict->explicit
explictly->explicitly
expres->expires, express
expresion->expression
expresions->expressions
expressoins->expressions
expsed->exposed
exract->extract
exrpession->expression
extacting->extracting
exta->extra
extema->extrema
exteme->extreme
extende->extended
exten->extend, extent
extr->extra
faild->failed
failues->failures
faily->family
fallack->fallback
familar->familiar
familia->familiar
famly->family
fanc->fancy
fasion->fashion
featues->features
feth->fetch
ffer->offer
fficient->efficient
fighers->fighters
filld->filled
fillin->fill in, filling
financ->finance
finit->finite
fisrt->first
fittng->fitting
fixe->fixed, fixes
flaot->float
flatteing->flattening
fliters->filters
floro->floor
floting->floating
fnid->find
fnot->font
foks->folks
followd->followed
follwing->following
fonctions->functions
fondation->foundation
foor->floor
forally->formally
forc->force
foregound->foreground
forgeting->forgetting
formallizes->formalizes
formated->formatted
formater->formatter
formual->formula, formal
fortan->fortran
foun->found
frace->france
fracional->fractional
fracitonal->fractional
franciso->francisco
franfurter->frankfurter
friendy->friendly
froce->force
froms->forms
frst->first
fuction->function
funciton->function
funcitons->functions
functin->function
functiona->functional
functionailty->functionality
functionlity->functionality
fundamenta->fundamental
fundmental->fundamental
funn->funny
funtions->functions
funtor->functor
furter->further
garded->guarded
gaurded->guarded
geater->greater
gegs->eggs
geneated->generated
generat->generate
genrators->generators
genreators->generators
givin->giving
givne->given
givng->giving
givn->given
gloabl->global
globl->global
godo->good
gorw->grow
gose->goes
goups->groups
graident->gradient
gren->green
gret->great
groud->ground
groupd->grouped
grovy->groovy
grpah->graph
guaded->guarded
guaranee->guarantee
guaratee->guarantee
guaratnee->guarantee
guassian->gaussian
guestimates->guesstimates
haddoc->haddock
haksell->haskell
handeld->handled
handels->handles
handls->handles
hannel->channel
hape->shape
havn->haven
hbit->habit
headr->header
heory->theory
hierarhcy->hierarchy
higlights->highlights
higly->highly
historial->historical 
hlaf->half
homogeneizes->homogenizes
hort->short
htrough->through
hwere->where
icrosoft->microsoft
identation->indentation
idential->identical
identifer->identifier
identiyt->identity
idexing->indexing
idices->indices
idividual->individual
idom->idiom
iems->items
ifinite->infinite, finite
ifne->fine
igore->ignore
ilnk->link
imlicit->implicit
immedately->immediately
immitates->imitates
imoprts->imports
implcit->implicit
implemenation->implementation
implemening->implementing
implementaion->implementation
implementaiton->implementation
implementd->implemented, implement, implements
implementions->implementations
implemetation->implementation
implemneted->implemented
impliation->implication
implicilty->implicitly
implicity->simplicity, implicitly
implict->implicit
implictly->implicitly
implmented->implemented
imporantly->importantly
improvment->improvement
inaginary->imaginary
inagine->imagine
inceased->increased, incensed
inclding->including
incluidng->including
incorectly->incorrectly
incorprated->incorporated
inctroduces->introduces
indepedent->independent
independely->independently
independendly->independently
indexd->indexed
indexin->indexing
indice->indices
indicte->indicate
indx->index
inequalites->inequalities
inerim->interim
inernal->internal
ineuqality->inequality
inex->index
infastructure->infrastructure
infering->inferring
infilitrates->infiltrates
infinites->infinities, infinite
infinte->infinite
infinties->infinities
infinty->infinity
infniite->infinite
infor->inform
infrastructre->infrastructure
infx->infix
ingore->ignore
ininite->infinite
initailzed->initialized
initalisation->initialisation
initalization->initialization
initalized->initialized
initalize->initialize
initalizes->initializes
initated->initiated
initiaization->initialization
initialier->initializer
initialiers->initializers
initializaion->initialization
initializd->initialized
initializign->initializing
initializtion->initialization
initialsed->initialised
initialse->initialise
initialzation->initialization
initialzed->initialized
initilization->initialization
inituialization->initialization
inlcude->include
inlne->inline
inlude->include
inocuous->innocuous
inptus->inputs
insall->install
insantiates->instantiates
insenstive->insensitive
insolube->insoluble
insolule->insoluble
inspec->inspect
instace->instance
instad->instead
instantation->instantiation
instantiaing->instantiating
instantite->instantiate
instatiation->instantiation
instrinsic->intrinsic
insufficent->insufficient
intallation->installation
intance->instance
intantiate->instantiate
intead->instead
inteface->interface
inteference->interference
integra->integral
intenionally->intentionally
intentionaly->intentionally
intepreter->interpreter
interaces->interfaces
interally->internally
interation->integration, interaction
interations->interactions, iterations
interative->interactive
intermedate->intermediate
internall->internally
interpeter->interpreter
interprete->interpret, interpreter, interpreted, interprets
interseciton->intersection
intersting->interesting
intger->integer
intialization->initialization
intialized->initialized
intialize->initialize
intializers->initializers
intializes->initializes
intiializing->initializing
intrday->intraday
intreactions->interactions
introducion->introduction
intructions->instructions
inux->linux
invalidat->invalidate
invarant->invariant
invariatn->invariant
invarint->invariant
invarints->invariants
invese->inverse
investigacion->investigation
invoves->involves
invovles->involves
ipmort->import
iput->input
irelevant->relevant, irrelevant
irrefuable->irrefutable
isaligned->misaligned
iself->itself
isplaced->misplaced
istantiate->instantiate
isused->issued, misused
iteartion->iteration
iteger->integer
itermediate->intermediate
iternally->internally
iterpolation->interpolation
iterstions->iterations
iterval->interval
ivalid->invalid
ixed->fixed, mixed
keyord->keyword
knonw->known
kutosis->kurtosis
labeleld->labelled
lable->label
lables->labels
lael->label
lamda->lambda
lamdas->lambdas
langauge->language
laoded->loaded
laod->load
lazines->laziness
leae->leave
leagl->legal
legitmately->legitimately
legnths->lengths
leka->leak
lengh->length
lenghs->lengths
lengt->length
lenths->lengths
lenth->tenth, lents, length, lent
lesat->least
lettuc->lettuce
lexicographicaly->lexicographically
lfited->lifted
liabilit->liability
libaries->libraries
librarie->libraries
libray->library
lieks->likes
limination->elimination
limitied->limited
linke->linked
linse->lines
listner->listener
litte->little
liux->linux
lnes->lens
lnks->links
loade->loader, loaded
loadr->loader
localy->locally
locls->locals
logc->logic
logn->long
looe->loose
lopo->loop
lopos->loops
lowast->lowest
ltest->latest
maanger->manager
machinary->machinery
machin->machine
magnitue->magnitude
maintianed->maintained
makred->marked
makr->maker, mark
mantisa->mantissa
manufatures->manufactures
maquerading->masquerading
matchd->matched
matc->match
materialzation->materialization
mathematica->mathematical
mathemetical->mathematical
mattr->matter
maye->maybe
measurments->measurements
measurs->measures
meatdata->metadata
meetpu->meetup
mehtod->method
mesage->message
mesasge->message
messag->message
mesures->measures
metdata->metadata
metion->mention
metions->mentions
mght->might
mgic->magic
michale->michael
miic->mimic
millisecods->milliseconds
minmax->minimax
mising->missing
mismacth->mismatch
mitake->mistake
mixtur->mixture
modifed->modified
modifiablity->modifiability
modifing->modifying
modles->models
modl->model
moduels->modules
modula->modular
modul->module, modulo
monomophic->monomorphic
monotonicty->monotonicity
morever->moreover
morover->moreover
movs->moves
mplementation->implementation
msis->miss
mssage->massage, message
muli->multi
muliplication->multiplication
mulitple->multiple
multile->multiple
multipication->multiplication
multiplciation->multiplication
multipliative->multiplicative
multipliction->multiplication
mulyiple->multiple
mutiple->multiple
mutiplication->multiplication
mutli->multi
mysel->myself
nagle->angle
naie->naive
narrw->narrow
nder->under
nearset->nearest
neede->needed, needle, needs
neeed->need, needed, needs
negleted->neglected
neigbors->neighbors
neihter->neither
netail->detail, entail
neta->neat
newsrgoups->newsgroups
newy->newly
nference->inference
nfinity->infinity
nicode->unicode
niform->uniform
nity->unity
niversity->university
noempty->nonempty
noly->only
nomal->normal
nomralise->normalise
nondeterminstic->nondeterministic
nordered->unordered
normall->normally
normlise->normalise
notd->noted
nothin->nothing
noticable->noticeable
nozero->nonzero
nrealy->nearly
nsorted->unsorted
nstruction->instruction
nteract->interact
nterface->interface
nterval->interval
nuls->nulls
numberic->numeric
numercial->numerical
obsevations->observations
occations->occasions
occupany->occupancy
occurrenc->occurrence
ocur->occur
odered->ordered
odified->modified
ofer->offer
officia->official
oherwise->otherwise
oline->online
olutions->solutions
omeg->omega
omething->something
omponent->component
omputer->computer
onec->once
onempty->nonempty
onsequently->consequently
ontent->content
onth->month
oogle->google
opeartion->operation
opeartor->operator
opeator->operator
opend->opened
operacional->operational
operatore->operator, operators
oposed->opposed
oprhan->orphan
optimiation->optimization
optimistaion->optimisation
optimiz->optimize
optimsed->optimised
optimze->optimize
optimzied->optimized
optinal->optional
optiona->optional
optmization->optimization
optmizing->optimizing
optoins->options
orderd->orders, ordered, order
ordre->order
origianl->original
orignal->original
orinary->ordinary
orman->roman
ormat->format
orpha->orphan
orthognal->orthogonal
ortran->fortran
orus->ours
orward->forward
oston->boston
othe->other
otheriwse->otherwise
othewise->otherwise
othre->other
ouptut->output
ouptuts->outputs
ouput->output
ouputs->outputs
ouside->outside
oute->route, outer
outpus->outputs
outputing->outputting
oututs->outputs
oveflow->overflow
overfow->overflow
overide->override
overides->overrides
overriden->overridden
overrieds->overrides
overrie->override
overwiting->overwriting
ovre->over
pacakge->package
pacakges->packages
pached->patched
packag->package
paddd->padded
paht->path
panads->pandas
pandsa->pandas
paralle->parallel
paramater->parameter
parameerised->parameterised
paramter->parameter
paramters->parameters
paricular->particular
parital->partial
pariwise->pairwise
parllel->parallel
parteo->pareto
passd->passed
passs->pass, passes
pasword->password
patc->patch
patern->pattern
patform->platform
pathc->patch
pathed->patched
paymnts->payments
pecification->specification
peforms->performs
perating->operating
percetage->percentage
percieves->perceives
perferred->preferred
perfoms->performs
performace->performance
performane->performance
perfrom->perform
peristence->persistence
permut->permute
persentage->percentage
persent->present, percent
persistenc->persistence
persues->pursues
pevent->prevent
pevents->prevents
piecwise->piecewise
pivotin->pivoting
placment->placement
plaform->platform
plaftorms->platforms
platfrom->platform
pluse->pulse
poiner->pointer
poiners->pointers
poins->points
poission->poisson
poitners->pointers
polcies->policies, polices
pollin->pollen, polling
polymophic->polymorphic
polymoprhic->polymorphic
polynmial->polynomial
polynomal->polynomial
porcessing->processing
posiiton->position
positins->positions
possbily->possibly
possibe->possible
possibilites->possibilities
possibl->possible, possibly
postifx->postfix
postpostive->postpositive
powe->power
pplications->applications
practicallity->practicality
prallel->parallel
prceision->precision
prcessing->processing
precison->precision
predicable->predictable
predicably->predictably
predicte->predicate
preditions->predictions
preformance->performance
premeires->premieres
premutation->permutation
preplexity->perplexity
prepration->preparation
prepre->prepare
preseve->preserve
presision->precision
pressd->pressed
pressimistic->pessimistic
presure->pressure
presweetend->presweetened
prett->pretty
previosly->previously
previos->previous
previosuly->previously
prevous->previous
primtive->primitive
primtives->primitives
prir->prior
prmitive->primitive
prmpt->prompt
probabilies->probabilities
probabilties->probabilities
probabilty->probability
probablility->probability
probablity->probability
probaby->probably
probem->problem
procesed->processed
proceses->processes
productin->production
progam->program
programatic->programmatic
prooves->proves
properies->properties
propgation->propagation
propoasls->proposals
propogated->propagated
proprety->property
protcol->protocol
protocl->protocol
prserve->preserve
prve->prove
prxy->proxy
ptic->optic
publib->public
publi->public
publis->publish
purne->prune
pyhon->python
qualifed->qualified
qualty->quality
quantiation->quantization
quantifed->quantified
quantiz->quantize
quatified->quantified
quck->quick
quess->quest, quests, guess
quicky->quickly
quic->quick
quikc->quick
quntic->quintic
rabit->rabbit
raph->graph
rati->ratio
rcall->recall
rdinary->ordinary
reaml->realm
reaso->reason
rebalacing->rebalancing
receiv->receive
recevied->received
recides->resides
recip->recipe
recomendations->recommendations
recomendd->recommended
recomended->recommended
recommened->recommended
reconstitutd->reconstituted
recopmile->recompile
recoring->recording, rescoring
recrusion->recursion
recurive->recursive
recursivly->recursively
recusively->recursively
recusive->recursive
reda->read
redcible->reducible
reduciton->reduction
redudant->redundant
redues->reduces
redunant->redundant
reex->regex
refereced->referenced
referecne->reference
referemced->referenced
referer->referrer
referrenced->referenced
refrenced->referenced
rege->regex
registerd->registered
regster->register
regx->regex
rejeted->rejected
releaed->released
releaes->release, releases
relect->reflect
releives->relieves
relfection->reflection
remainer->remainder
removin->removing
remvoes->removes
renae->rename
rennovates->renovates
reodering->reordering
reolad->reload
repalce->replace
repeate->repeated
repesentationally->representationally
repesentational->representational
repesentation->representation
repesented->represented
replca->replica
replcia->replica
repored->reported
representin->representing
represention->representation
represetnation->representation
reprseents->represents
reprsents->represents
repsonse->response
requets->requests, request
requrements->requirements
requre->require
requres->requires
requried->required
requries->requires
requsted->requested
resepct->respect
resonable->reasonable
resouce->resource
responsibilty->responsibility
resposibility->responsibility
ressembles->resembles
restor->restore
restrcted->restricted
restrction->restriction
resued->rescued, reused
resul->result
resutls->results
resut->result
retreived->retrieved
retreiving->retrieving
retrived->retrieved
retrive->retrieve
retriving->retrieving
retruns->returns
retured->returned
reuslt->result
revent->prevent
revents->prevents
revison->revision
revist->revisit
rexported->reexported
rexports->reexports
rfactor->refactor
rfee->free
riented->oriented
rigt->right
riis->iris
rinciples->principles
rint->print
rivate->private
rnames->renames
rnge->range
roblem->problem
rogrammer->programmer
rogrammers->programmers
rogramming->programming
roote->root, rooted, roots
rouding->rounding
roud->proud, round
rovide->provide
rrun->rerun
rshape->reshape
rturns->returns
runable->runnable
runime->runtime
runnbale->runnable
rvert->revert
rview->review
sampl->sample
sandwch->sandwich
santy->sanity
sapce->space
satble->stable
satifiable->satisfiable
satified->satisfied
satsifying->satisfying
satte->state
scalas->scalars
schmea->schema
scipts->scripts
sclar->scalar
scrach->scratch
scrutinied->scrutinised
secions->sections
seciton->section
secnd->second
secring->securing
seectors->selectors
seires->series
selet->select
sener->sender
separatly->separately
separte->separate
sepcified->specified
sequared->squared
sequnce->sequence
sequnece->sequence
serach->search
serailized->serialized
serializtion->serialization
serialzing->serializing
serie->series
setable->settable
settins->settings
sfot->soft
shaza->shazam
shceme->scheme
shere->sphere
shfts->shifts
shif->shift
shifte->shifted
shirmp->shrimp
shoul->should
shpae->shape
siezes->seizes, sizes
siganling->signaling
siganture->signature
sigature->signature
sigleton->singleton
signatues->signatures
signaure->signature
significand->significant
significanlty->significantly
signleton->singleton
simiarly->similarly
similarites->similarities
similary->similarly
simlarity->similarity
simliarly->similarly
simliar->similar
simlifier->simplifier
simluate->simulate
simpified->simplified
simplfier->simplifier
simplfy->simplify
simplifing->simplifying
simpl->simple, simply
simpy->simply
singature->signature
sitch->switch
sitll->still
siutation->situation
skiped->skipped
sligtly->slightly
smat->smart
smll->small
snaphot->snapshot
snaphots->snapshots
snipets->snippets
soely->solely
somehere->somewhere
somethign->something
someting->something
soruce->source
sotre->store
soudnd->sounded
soure->source
spase->sparse
spatia->spatial
specfied->specified
specialied->specialized
specialse->specialise
specialzation->specialization
specifc->specific
specifed->specified
specificlaly->specifically
specifing->specifying
specifiy->specify, specific
specilizations->specializations
specilized->specialized
specuatively->speculatively
speicalise->specialise
speicalize->specialize
speified->specified
spellcecker->spellchecker
spliting->splitting
spurios->spurious
spurous->spurious
squence->sequence
srictly->strictly
stablize->stabilize
stac->stack
staic->static
standalon->standalone
statisitcal->statistical
statisticans->statisticians
statments->statements
steram->stream
stll->still
stoer->store
stord->stored
stpe->step
stps->stops, steps
stricly->strictly
stricness->strictness
strieds->strides
strightforward->straightforward
stright->straight
stringr->stringer
strin->string
strt->start
structre->structure
strutured->structured
struture->structure
stuctures->structures
stuffd->stuffed
stuf->stuff
styl->style
subclasse->subclassed, subclasses
subclasss->subclass, subclasses
subcommitee->subcommittee
sublcass->subclass
subsitution->substitution
substitued->substituted
subtitutes->substitutes
subtitution->substitution
subtpe->subtype
succeeed->succeed, succeeded
successfuly->successfully
successfu->successful
suceedd->succeeds, succeeded
suffle->shuffle
sumed->summed
sumit->submit
sund->sound
superceded->superseded
superclasse->superclasses
superlasses->superclasses
suplots->subplots
suported->supported
suport->support
suppiled->supplied
suppl->supply
supporetd->supported
suppoted->supported
suppot->support
suppresed->suppressed
suppse->suppose
suprises->surprises
suprizes->surprises
surace->surface
surive->survive
suroundd->surrounds, surrounded
surprizes->surprises
suscripts->subscripts
sustituted->substituted
sweetend->sweetened
swithing->switching
swor->sword
swtch->switch
sybmols->symbols
sychronize->synchronize
sychronous->synchronous
symbos->symbols
symetric->symmetric
symmtry->symmetry
synchronizaton->synchronization
syncrhonization->synchronization
syntetic->synthetic
systme->system
sytactically->syntactically
takng->taking
taks->takes, task
tandards->standards
tandard->standard
tand->stand
tbough->trough, though, tough, bough
tday->today
telesope->telescope
teminates->terminates
teoretically->theoretically
termimation->termination
terminted->terminated
tesnors->tensors
tesor->tensor
testd->tested, tests
testin->testing
thead->thread
theor->theory
therfore->therefore
theshold->threshold
thes->these, this
thorugh->thorough, through
thows->throws
threded->threaded
threhsolds->thresholds
thre->three, there
throuh->through
thum->thumb
thurst->thrust
thusday->thursday
tial->tail, trial
timout->timeout
tiple->triple
toal->total
toastd->toasted
toch->touch
tomstone->tombstone
tpye->type
tpyo->typo
tracable->traceable
traceble->traceable
traiend->trained
trainig->training
trak->track
trampline->trampoline
tranformations->transformations
tranformation->transformation
tranforms->transforms
tranitively->transitively
trani->train
tranposed->transposed
tranpose->transpose
transatcion->transaction
transate->translate
transcation->transaction
transfomer->transformer
transformtions->transformations
transformtion->transformation
transfrom->transform
transitionned->transitioned
transose->transpose
transprot->transport
trasmitters->transmitters
treates->treats
trep->strep
trianglar->triangular
triger->trigger
trigomometric->trigonometric
trigonmetric->trigonometric
trinagular->triangular
trival->trivial
trnasition->transition
trong->strong
trucated->truncated
trunctate->truncate
trunctation->truncation
trused->trusted
tsem->stem
tsub->stub
tupels->tuples
ture->true
txet->text
tyep->type
tyle->style
typtes->types
uable->usable, unable
ublic->public
ublk->bulk
ubound->upbound, unbound
uconstrained->unconstrained
uderlying->underlying
udpates->updates
udpate->update
ulimately->ultimately
unavailble->unavailable
unctor->functor
undeflow->underflow
underfow->underflow, undertow
underlyng->underlying
underyling->underlying
unerflow->underflow
uness->unless
unexpeced->unexpected
unexpeted->unexpected
unfiy->unify
unfortuantely->unfortunately
unfortuately->unfortunately
unforunately->unfortunately
unifed->unified
unificaion->unification
unificaiton->unification
uninitilized->uninitialized
uniqu->unique
universit->university
unknow->unknown
unles->unless
unligned->unaligned
unnnamed->unnamed
unsatifiable->unsatisfiable
unserstand->understand
unsiged->unsigned
unspported->unsupported
unsubcribe->unsubscribe
unsuppoted->unsupported
unsupproted->unsupported
unversally->universally
updat->update
uper->upper, super
upport->support
useage->usage
uselses->useless
utilites->utilities
utilty->utility
vailable->available
vaious->various
varaibles->variables
varant->variant, vagrant
variabes->variables
varialbes->variables
variales->variables
variale->variable
variatons->variations
varible->variable
varint->variant
varius->various
vaule->value
vecto->vector
verifed->verified
verion->version
verson->version
vertx->vertex
verview->overview
vesion->version
vetorization->vectorization
visibilty->visibility
visibliities->visibilities
visiblity->visibility
visi->visit
vist->visit
vokswagen->volkswagen
vreify->verify
wasington->washington
wathdog->watchdog
wheher->whether
whenver->whenever
whle->whole, while
whre->where
wihtout->without
wikpedia->wikipedia
wildards->wildcards
wildcars->wildcards
witout->without
wner->owner
workd->worked
workround->workaround
worl->world
woth->worth
woud->would
wraped->wrapped
wraper->wrapper
wrld->world
wrtie->write
wtihout->without
xact->exact
xecutable->executable
xford->oxford
xpected->expected
xpression->expression
xtensible->extensible
xylophoen->xylophone
yael->yale
yieled->yielded
ymposium->symposium
ystems->systems
ystem->system
ython->python
yung->young
zeroe->zeroed, zeroes
